<layer-list xmlns:android="http://schemas.android.com/apk/res/android" >
    <!-- 阴影部分 最下面一层 -->
    <item >
        <shape android:shape="rectangle" >
            <gradient
                android:angle="90"
                android:endColor="#fcd9d9d9"
                android:startColor="#C5C5C5" />
            <corners android:radius="10dp" />
        </shape>
    </item>
    <!-- 背景部分 -->
    <!-- 形象的表达：bottom left ... 类似于设置 margin -->
    <item
        android:bottom="6dp">
        <selector>
            <item android:state_focused="false" android:state_pressed="true" >
                <shape android:shape="rectangle" >
                    <solid android:color="#7f7f7f"/>
                    <corners android:radius="12dp" />
                </shape>
            </item>
            <item>
                <shape android:shape="rectangle" >
                    <stroke android:width="1.5dp" android:color="#000000" />
                    <solid android:color="@color/white"/>
                    <corners android:radius="10dp" />
                </shape>
            </item>
        </selector>
    </item>
</layer-list>