<resources>

    <style name="sp_15_text">
        <item name="android:layout_width">wrap_content</item>
        <item name="android:layout_height">wrap_content</item>
        <item name="android:textColor">#000000</item>
        <item name="android:textSize">15sp</item>
    </style>


    <style name="rewords_mid_text">
        <item name="android:drawablePadding">@dimen/dp_10</item>
        <item name="android:textSize">17sp</item>
        <item name="android:layout_width">wrap_content</item>
        <item name="android:layout_height">wrap_content</item>
    </style>

    <style name="sp_18_text">
        <item name="android:layout_width">wrap_content</item>
        <item name="android:layout_height">wrap_content</item>
        <item name="android:textColor">#000000</item>
        <item name="android:textSize">18sp</item>
    </style>

    <style name="sp_20_text">
        <item name="android:layout_width">wrap_content</item>
        <item name="android:layout_height">wrap_content</item>
        <item name="android:textColor">#000000</item>
        <item name="android:textSize">20sp</item>
    </style>

    <style name="sp_17_text">
        <item name="android:layout_width">wrap_content</item>
        <item name="android:layout_height">wrap_content</item>
        <item name="android:textColor">#000000</item>
        <item name="android:textSize">18sp</item>
    </style>

    <style name="sp_complete_text">
        <item name="android:layout_width">wrap_content</item>
        <item name="android:layout_height">wrap_content</item>
        <item name="android:textColor">#000000</item>
        <item name="android:textSize">18sp</item>
    </style>

    <style name="sp_22_text">
        <item name="android:layout_width">wrap_content</item>
        <item name="android:layout_height">wrap_content</item>
        <item name="android:textColor">#000000</item>
        <item name="android:textSize">22sp</item>
        <item name="android:textStyle">bold</item>
        <item name="android:layout_marginTop">@dimen/dp_5</item>
    </style>

    <style name="sp_22_text_b">
        <item name="android:textColor">@color/black</item>
        <item name="android:layout_width">wrap_content</item>
        <item name="android:layout_height">wrap_content</item>
        <item name="android:textSize">15sp</item>
        <item name="android:layout_marginTop">@dimen/dp_5</item>
    </style>

    <style name="btn_text">
        <item name="android:background">@drawable/item_rewords_btn</item>
        <item name="android:layout_marginBottom">@dimen/dp_24</item>
        <item name="android:layout_width">@dimen/dp_158</item>
        <item name="android:layout_height">@dimen/dp_40</item>
        <item name="android:textColor">#000000</item>
        <item name="android:textSize">18sp</item>
    </style>

    <style name="cl_touch">
        <item name="android:layout_width">wrap_content</item>
        <item name="android:layout_height">wrap_content</item>
        <item name="android:layout_marginBottom">@dimen/dp_5</item>
        <item name="layout_constraintStart_toStartOf">parent</item>
        <item name="layout_constraintEnd_toEndOf">parent</item>
        <item name="layout_constraintTop_toTopOf">parent</item>
        <item name="layout_constraintBottom_toBottomOf">parent</item>
    </style>

    <style name="sp_tip_text">
        <item name="android:layout_width">0dp</item>
        <item name="android:layout_height">@dimen/dp_50</item>
        <item name="android:layout_marginTop">@dimen/dp_10</item>
        <item name="android:textColor">#000000</item>
        <item name="android:textSize">17sp</item>
        <item name="android:gravity">center</item>
    </style>

    <style name="setting_img_up">
        <item name="android:layout_width">wrap_content</item>
        <item name="android:layout_height">wrap_content</item>
        <item name="android:drawableTop">@drawable/up</item>
    </style>

    <style name="setting_img_down">
        <item name="android:layout_width">wrap_content</item>
        <item name="android:layout_height">wrap_content</item>
        <item name="android:drawableBottom">@drawable/down</item>
    </style>


    <style name="remind_msg">
        <item name="android:layout_width">0dp</item>
        <item name="android:layout_height">wrap_content</item>
        <item name="android:textColor">#000000</item>
        <item name="android:textSize">18sp</item>
    </style>
</resources>
